<?xml version="1.0" encoding="UTF-8"?>
<project-private xmlns="http://www.netbeans.org/ns/project-private/1">
    <editor-bookmarks xmlns="http://www.netbeans.org/ns/editor-bookmarks/2" lastBookmarkId="0"/>
    <open-files xmlns="http://www.netbeans.org/ns/projectui-open-files/2">
        <group>
            <file>file:/opt/lampp/htdocs/mini-instagram/resources/views/layouts/app.blade.php</file>
            <file>file:/opt/lampp/htdocs/mini-instagram/resources/views/image/create.blade.php</file>
            <file>file:/opt/lampp/htdocs/mini-instagram/app/Models/User.php</file>
            <file>file:/opt/lampp/htdocs/mini-instagram/resources/views/auth/login.blade.php</file>
            <file>file:/opt/lampp/htdocs/mini-instagram/config/app.php</file>
            <file>file:/opt/lampp/htdocs/mini-instagram/resources/views/auth/register.blade.php</file>
            <file>file:/opt/lampp/htdocs/mini-instagram/resources/views/user/config.blade.php</file>
            <file>file:/opt/lampp/htdocs/mini-instagram/app/Http/Controllers/ImageController.php</file>
            <file>file:/opt/lampp/htdocs/mini-instagram/resources/views/auth/passwords/email.blade.php</file>
            <file>file:/opt/lampp/htdocs/mini-instagram/routes/web.php</file>
            <file>file:/opt/lampp/htdocs/mini-instagram/app/Http/Controllers/UserController.php</file>
            <file>file:/opt/lampp/htdocs/mini-instagram/resources/views/user/index.blade.php</file>
            <file>file:/opt/lampp/htdocs/mini-instagram/resources/views/image/detail.blade.php</file>
            <file>file:/opt/lampp/htdocs/mini-instagram/resources/js/main.js</file>
            <file>file:/opt/lampp/htdocs/mini-instagram/resources/views/home.blade.php</file>
            <file>file:/opt/lampp/htdocs/mini-instagram/resources/css/style.css</file>
            <file>file:/opt/lampp/htdocs/mini-instagram/resources/views/user/profile.blade.php</file>
            <file>file:/opt/lampp/htdocs/mini-instagram/resources/views/auth/verify.blade.php</file>
        </group>
    </open-files>
</project-private>
